{
  "best_global_step": null,
  "best_metric": null,
  "best_model_checkpoint": null,
  "epoch": 1.178318931657502,
  "eval_steps": 500,
  "global_step": 1500,
  "is_hyper_param_search": false,
  "is_local_process_zero": true,
  "is_world_process_zero": true,
  "log_history": [
    {
      "epoch": 0.3927729772191673,
      "grad_norm": 0.11103009432554245,
      "learning_rate": 8.693375229117571e-05,
      "loss": 0.7689903564453126,
      "step": 500
    },
    {
      "epoch": 0.7855459544383346,
      "grad_norm": 0.34132620692253113,
      "learning_rate": 7.384131971720346e-05,
      "loss": 0.13035475158691406,
      "step": 1000
    },
    {
      "epoch": 1.0,
      "eval_loss": 0.12385235726833344,
      "eval_runtime": 5.2196,
      "eval_samples_per_second": 523.606,
      "eval_steps_per_second": 32.761,
      "step": 1273
    },
    {
      "epoch": 1.178318931657502,
      "grad_norm": 0.4377262592315674,
      "learning_rate": 6.074888714323121e-05,
      "loss": 0.1122817611694336,
      "step": 1500
    }
  ],
  "logging_steps": 500,
  "max_steps": 3819,
  "num_input_tokens_seen": 0,
  "num_train_epochs": 3,
  "save_steps": 500,
  "stateful_callbacks": {
    "TrainerControl": {
      "args": {
        "should_epoch_stop": false,
        "should_evaluate": false,
        "should_log": false,
        "should_save": true,
        "should_training_stop": false
      },
      "attributes": {}
    }
  },
  "total_flos": 852423853670400.0,
  "train_batch_size": 16,
  "trial_name": null,
  "trial_params": null
}
